S/n,Employee_ID_No_last_4_digits,Last_4_Digits_of_NRIC_or_FIN_No,
1,1404,031E,<< For test
2,1234,987,<< For test
3,Will be filled in later,Will be filled in later,
4,Will be filled in later,Will be filled in later,
5,Will be filled in later,Will be filled in later,
6,Will be filled in later,Will be filled in later,
7,Will be filled in later,Will be filled in later,
8,Will be filled in later,Will be filled in later,
9,Will be filled in later,Will be filled in later,
10,Will be filled in later,Will be filled in later,
